PAA Title,Parent,Text,URL,URL Title
Can I just clean my air conditioner filter?,How to clean air conditioner filter,"   In a deep sink or outdoors with your hose, rinse the filter gently and thoroughly, and allow it to dry. If you need to provide a deep clean, soak the filter in a flat bin with 1 part white vinegar and 1 part warm water for an hour, and then rinse it gently with the hose.",https://www.hgtv.com/lifestyle/clean-and-organize/how-to-clean-an-ac-filter,How to Clean an AC Filter | HGTV
How often should you clean air conditioner filter?,How to clean air conditioner filter,"Clean or replace your air conditioning system's filter or filters every month or two during the cooling season. Filters may need more frequent attention if the air conditioner is in constant use, is subjected to dusty conditions, or you have fur-bearing pets in the house.",https://www.energy.gov/energysaver/maintaining-your-air-conditioner,Maintaining Your Air Conditioner | Department of Energy
Is it OK to clean AC filter with water?,How to clean air conditioner filter,"Key Takeaways. Washable air conditioner filters are very easy to clean and maintain. Unlike disposable filters, you can simply take them out of your HVAC unit, rinse them with water, and they're good to go again. 22 Mar 2017",https://permatron.com/home-family-health/how-to-clean-washable-air-filters,How to Clean Washable Air Filters - Permatron
Do you need to clean air conditioner filters?,How to clean air conditioner filter,"As a general rule, you should clean your air conditioner filters within the indoor unit every two weeks. In more dusty or polluted environments you should clean your filters more regularly. Cleaning your filters is the most important maintenance task you can do to care for your air conditioner.",http://www.daikin.com.au/faq/how-often-should-i-clean-filters-my-air-conditioner,How often should I clean the filters in my air conditioner? - Daikin
What happens if AC filter is dirty?,Can I just clean my air conditioner filter?,"   A clogged filter forces the air conditioner to work harder to keep the house cool. This will lead to more frequent AC repairs and, ultimately, shorten the lifespan of the unit. Lessen the load by simply changing the AC filter regularly. 25 Jun 2019",https://www.sunkoolac.com/articles/signs-need-change-ac-filter,5 Signs That You Need to Change Your AC Filter
Will AC TURN OFF IF filter is dirty?,Can I just clean my air conditioner filter?,"Over time, the air filter draws in pet dander, dust, dirt, and other contaminants. That's its job. However, if the fibers get too clogged with debris, the HVAC system can't pull air through the filter. Eventually, this can cause the system to shut down. 28 Nov 2016",https://customairinc.com/blog/hvac-system-shutting-down-check-your-filter,HVAC System Shutting Down? Check Your Filter - Custom Air & Plumbing
How long do air conditioner filters last?,How often should you clean air conditioner filter?,"You should replace these regularly, around every 30 days. Newer systems often use pleated filters, also rectangular with a depth of about one inch. You should replace these about every 90 days if you have no allergies, but AC pros typically recommend every 45 days for max efficiency.",https://www.petro.com/resource-center/how-often-should-you-change-your-ac-filters,How often should you change your AC filter? - Petro
How long do AC unit filters last?,How often should you clean air conditioner filter?,"As a general rule, you'll want to replace pleated air filters and furnace filters in your home every 90 days. The longer the filter is in place, the more dirt, dust and allergens are trapped clogging the filter and decreasing their efficiency. 4 Jul 2018",https://ushomefilter.com/how-often-change-hvac-filter/,How Often Do You REALLY Need to Change Your HVAC Filter?
How long should air conditioner dry after cleaning?,How often should you clean air conditioner filter?,"30 to 60 minutes  Before using the air conditioner, make sure it is totally dry. After cleaning the coils, wait 30 to 60 minutes before turning on the air conditioner.",https://www.diversifiedheatingandcooling.com/how-long-before-you-can-turn-on-ac-after-coil-cleaning/,How Long Before You Can Turn On Air Conditioner After Coil Cleaning?
Can I clean AC filter with dish soap?,Is it OK to clean AC filter with water?,Step Three: Clean the Filters    Wash your removed filters in warm soapy water until clean. We recommend using a couple of drops of mild dishwashing liquid diluted in a sink full of warm water.,https://www.tcair.com.au/a-step-by-step-guide-to-cleaning-your-ac-filters/,A Step-by-Step Guide to Cleaning Your AC Filters - TC Air & Electric
Can a dirty AC filter cause a fire?,Is it OK to clean AC filter with water?,"   Risk of a Ventilation Fire    In extreme cases, a dirty air filter may become so clogged that the filter itself becomes sucked into the system, compromising air flow through the filter. This situation poses a serious fire hazard and can cause extreme damage to your HVAC unit and your home. 23 Oct 2015",https://www.griffithenergyservices.com/blog/3-hazards-of-a-dirty-air-filter,3 Hazards of a Dirty Air Filter - Griffith Energy Services
What are the signs of a dirty air filter?,What happens if AC filter is dirty?,Continue reading to find out some warning signs that your air filter may be dirty and need to be replaced. Poor Acceleration. ...  Poor Performing Engine. ...  Different and Strange Noises. ...  Check Engine Light. ...  Tailpipe Smoke. ...  Poor Gas Mileage. ,https://www.webbtoyota.com/how-a-dirty-air-filter-affects-performance/,How a Dirty Air Filter Affects Performance | Webb Toyota
Can you get sick from a dirty air conditioner?,What happens if AC filter is dirty?,"Mould can grow in an old air conditioner, increasing your chances of respiratory infection. In addition to causing throat irritation, mouldy air can also cause coughing, wheezing, and congestion. If you are feeling any of these symptoms, it may be time you checked the filters in your AC unit. 18 Oct 2021",https://www.tonystephensrefrigeration.com.au/2021/10/18/dirty-air-conditioner-impact-health/,How A Dirty Air Conditioner Can Impact Your Health? | TSR
What causes AC filter to get dirty quickly?,Will AC TURN OFF IF filter is dirty?,"Contaminants in the Air: High levels of dust and debris put a strain on your unit, making your filters clog faster. An increase in the number of people in your home can also increase the amount of dirt being kicked up into your system. 16 Aug 2022",https://tomhoffmannairconditioning.com/4-common-reasons-your-hvac-filters-are-getting-dirty-so-fast/,4 Common Reasons Your HVAC Filters Are Getting Dirty So Fast
Does changing the AC filter make it colder?,Will AC TURN OFF IF filter is dirty?,"As a result of the buildup, a dirty filter will also cause poor cold airflow in your air conditioning system. That cold air will be trapped inside your air conditioner, causing ice to form on its coils. Once that happens, your air conditioner will freeze up and become inoperable. 27 Aug 2018",https://www.degreeheatingandcooling.com/2018/08/can-a-dirty-air-filter-cause-my-air-conditioner-not-to-cool/,Can a Dirty Air Filter Cause My Air Conditioner Not to Cool?
What can happen if you don't change your air filter?,How long do air conditioner filters last?,"If you don't change your air filter, it can quickly become clogged with dust and debris, preventing proper air filtration. This leads to a variety of issues for your HVAC system including system inefficiency, higher energy bills, inadequate air quality, and ultimately failure. 1 May 2021",https://www.valairco.com/blog/2021/may/what-happens-when-you-forget-to-change-the-air-f/,What Happens if You Don't Change Your Air Filter? - Valairco
Should I wait for AC filter to dry?,How long should air conditioner dry after cleaning?,"If taking an air filter out to be washed, be sure to let it air dry for about 20 to 30 minutes before replacing. This will help you avoid any mold issues.",https://www.homedepot.com/c/ah/how-to-clean-an-air-conditioner-filter/9ba683603be9fa5395fab908fabc607,How to Clean an Air Conditioner Filter - The Home Depot
Can I clean my AC coils yourself?,How long should air conditioner dry after cleaning?,"While there are a number of commercially available coil cleaning solutions on the market, air conditioner coils can be cleaned with a solution of a mild household detergent and water. The detergent and water mix is applied to the coil using a low-pressure sprayer.",https://www.carrier.com/residential/en/us/products/air-conditioners/air-conditioner-maintenance/air-conditioner-coil-cleaning/,Air Conditioner Coil Cleaning | How To Clean AC Coils - Carrier
Why is my AC running but not cooling?,How long should air conditioner dry after cleaning?,"If your air conditioner is running, but not lowering temperatures inside, one issue could be a blocked or clogged condenser coil. When operating correctly, the condenser fan draws air into the outdoor unit through the condenser coil to pull heat energy out of your home.",https://www.carrier.com/residential/en/us/products/air-conditioners/air-conditioner-service/air-conditioner-not-cooling/,Why is My Air Conditioner Not Cooling - Carrier
Can filters be washed and reused?,Can I clean AC filter with dish soap?,"A standard HEPA air purifier filter is so powerful that it will not release all particles if it is simply washed. However, there are plenty of filters that do qualify to be washed and reused. Many HVAC filters, furnace filters, vacuum filters, and reusable car air filters can be washed.",https://www.lifesupplyusa.com/blogs/news/complete-guide-how-to-properly-wash-a-reusable-air-filter,Complete Guide: How to Properly Wash a Reusable Air Filter
Can you put baking soda on AC filter?,Can I clean AC filter with dish soap?,A combination of baking soda and water can help eliminate odors from the filter. 6 May 2022,https://www.reviewed.com/home-outdoors/features/how-to-clean-your-air-conditioner,Your air conditioner is full of mold and bugs—here's how to clean it
What should I use to clean an air conditioner?,Can I clean AC filter with dish soap?,"   Spray down the interior cabinet and exterior housing with hydrogen peroxide, and use a cloth or rag to wipe down everything that you can reach. You can use the same spray cleaning solution on the evaporator and condenser coils, or you can use an AC coil spray cleaner. 30 Jun 2022",https://www.thespruce.com/how-to-clean-a-window-air-conditioner-unit-5191162,How to Clean a Window Air Conditioner - The Spruce
Can a dusty AC filter make you sick?,Can a dirty AC filter cause a fire?,"If the filter's dirty, everything past the filter is dirty too, including the air you breathe. This pumps your home full of dust and allergens. Speaking of allergens, they can cause a number of physical symptoms like headaches, fatigue, tightness in your chest, and a mess of cold symptoms you may not be able to shake. 23 Jun 2016",https://www.averyheating.com/blog/2016/june/dirty-air-filter-heres-what-can-happen/,Dirty Air Filter? Here's What Can Happen
Can a dirty filter cause the house to not cool?,What are the signs of a dirty air filter?,"Dirty air filters cause your AC to operate at a lower efficiency which means it does not cool your house as well as it should, and can end up costing you more money in the long run. 30 Sept 2022",https://www.climatecare.com/blog/a-c-problems-caused-by-a-dirty-air-filter/,4 A/C Problems Caused by a Dirty Air Filter & How To Deal With Them
How do you clean an air filter at home?,What are the signs of a dirty air filter?,,https://www.youtube.com/watch?v=SDTtwuaPsKA,How to Clean K&N Home Air Filters | Official Instructions 2021 - YouTube
How do I know if my AC is making me sick?,Can you get sick from a dirty air conditioner?,"If a common cold, a stuffy nose, or allergy-like symptoms are bothering you when you sit in an air-conditioned room, then your AC might be making you sick.",https://www.cielowigle.com/blog/can-air-conditioning-make-you-sick/,Can Air Conditioning Make You Sick? Here's the Truth - Cielo Breez
Is it good to sleep with AC on?,Can you get sick from a dirty air conditioner?,"Benefits of sleeping with AC    Sleeping with the AC on helps prevent heat-related conditions, such as dehydration, heatstroke, and heat exhaustion. Typical AC filters will not purify the air, though they can prevent dust and particles from entering the unit. 29 Sept 2021",https://www.medicalnewstoday.com/articles/what-is-the-best-ac-temperature-for-sleeping,What is the best AC temperature for sleeping? - Medical News Today
Can AC damage lungs?,Can you get sick from a dirty air conditioner?,"Air conditioning impact on respiratory health    In healthy individuals, exposure to air conditioners with very cold air can cause alterations in the respiratory airways that, in the context of pre-existing conditions such as asthma, can increase the risk of developing a respiratory illness. 22 Dec 2021",https://www.news-medical.net/health/What-Are-the-Health-Effects-of-Air-Conditioning.aspx,What Are the Health Effects of Air Conditioning? - News Medical
Why is my air filter so dirty after a week?,What causes AC filter to get dirty quickly?,"When the thermostat's fan setting is set to “ON” the indoor blower will run 24/7, constantly circulating air over the air filter. So now the filter is constantly catching airborne contaminants, causing it to quickly get dirty.",https://www.cooltoday.com/blog/why-does-my-homes-air-filter-get-dirty-so-quickly,Why Does My Home's Air Filter Get Dirty So Quickly? - Cool Today
Why is my AC filter never dirty?,What causes AC filter to get dirty quickly?,"There's simply not enough stuff in the air for it to filter out. Additionally, if you only turn your air conditioning unit on a few times a month, it can also affect how much your filter picks up. If your heating or AC unit isn't on, then the filter won't work.",https://filterking.com/ac-troubleshooting/furnace-filter-not-collecting%20dust,Why is my air filter never dirty? - Filter King
Why is my AC filter black after one week?,What causes AC filter to get dirty quickly?,"When you run your air conditioner, the evaporator coil will become damp from condensation. If left for a long period of time, that condensation will mix with the dust and dirt and form a black mold. This mold will grow and eventually spread to your furnace, and the filter. 6 Sept 2017",https://atelair.ca/blog/why-is-my-air-filter-black/,4 Reasons Why Your Furnace Filter is Black
Is it better to clean an air filter or replace it?,What can happen if you don't change your air filter?,"While it is recommended that you change out your vehicle filters on a regular schedule, you can extend the life of some filters by cleaning them. Eventually, though, all filters need replacing, because cleaning them becomes less and less effective. At this point, it is better to have a mechanic change them. 25 Nov 2015",https://www.yourmechanic.com/article/which-filters-in-my-car-can-be-cleaned-vs-replaced,Which Filters in My Car Can Be Cleaned Vs. Replaced?
How do I change my air conditioner filter?,What can happen if you don't change your air filter?,,https://www.youtube.com/watch?v=zWsDvnAs6-g,How To Change Your Home Air Conditioner Filter - YouTube
Can I run my AC without a filter overnight?,Should I wait for AC filter to dry?,"   The short answer: You can get away with running your AC without a filter for a short period of time. However, doing so for longer than 6-8 hours can hurt your system and decrease your home's indoor air quality. 26 Jul 2021",https://advanced-air.com/help-guides/buyers/can-i-run-my-ac-without-a-filter-for-one-night,Can I Run My AC Without a Filter? A Florida Tech Explains. - Advanced Air
Can you dry AC filter with hair dryer?,Should I wait for AC filter to dry?,"You can leave them out in the sun if it's not too hot, or you can run a hairdryer over them, or you can set them out to air dry - but whatever you do, don't put a damp filter into your HVAC system - this puts you at the risk of mold. 8 Apr 2021",https://www.crystalcleanvents.com/utah-air-quality-blog/how-to-clean-air-conditioner-filters,How to Clean Air Conditioner Filters
How long before I can turn on AC after coil cleaning?,Can I clean my AC coils yourself?,about 30 to 60 minutes  Q: How long before I can turn on AC after coil cleaning? Make sure the air conditioner is completely dry before attempting to use it. Wait about 30 to 60 minutes before turning on the AC after cleaning the coils. 24 Feb 2022,https://www.bobvila.com/articles/how-to-clean-ac-coils/,How to Clean Air Conditioner Coils - Bob Vila
What happens if you don't clean your AC coils?,Can I clean my AC coils yourself?,"The short answer. Dirt & grime on AC coils makes it harder for your equipment to transfer heat. That means it has to run longer and work harder to do it's job, using more energy and causing parts to wear and break down. Dirty coils also get corroded which leads to refrigerant leaks. 1 Aug 2017",https://aristair.com/blog/clean-ac-coils-the-definitive-answer/,Why Clean AC Coils? The Definitive Answer - Arista Air Conditioning Corp
What is the best way to clean air conditioner coils?,Can I clean my AC coils yourself?,   Directions for Cleaning AC Coils: Turn off the AC at the thermostat and shut off power to the condensing unit. Remove outer case and caging. ...  Clear out debris and broken fins. ...  Spray out the unit. ...  Spray the coils down with Simple Green All-Purpose Cleaner. ...  Rinse and dry your AC. More items...,https://simplegreen.com/cleaning-tips/rooms/outdoors/air-conditioner-coils/,How to Clean AC Coils - Simple Green
How do I know if my condenser is blocked?,Why is my AC running but not cooling?,3 Warning Signs You Have a Bad AC Condenser Loud and abnormal noises coming from the unit. Significantly reduced cooling capability from the unit. The unit is leaking a noticeable amount of fluid past the typical amount of condensation. 14 Aug 2019,https://www.burnsvilleheating.com/3-warning-signs-of-a-bad-ac-condenser/,3 Warning Signs You Have a Bad AC Condenser - Repair or Replace?
How do you clean a clogged condenser?,Why is my AC running but not cooling?,Check your air conditioner warranty before cleaning. Turn off the A/C and shut off power to the condensing unit. Remove outer case and caging. ...  Clear out debris and broken fins. ...  Spray out the unit. ...  Spray the coils down with Simple Green All-Purpose Cleaner. ...  Rinse and dry your A/C. More items...,https://simplegreen.com/cleaning-tips/rooms/outdoors/hvac-condenser-coils/,How to Clean Condenser Coils - Simple Green
Can I clean my air filter with soap and water?,Can filters be washed and reused?,"Soapy water and a rag will do the trick. There's no substitute for time. After cleaning the air filter with kerosene or a filter-specific application, let it dry naturally. Following that step, be sure to wash the filter with soap and warm water. 6 Feb 2018",https://blog.pro-x.com/air-filter-maintenance,Air Filter Maintenance Do's and Don'ts - Blog | ProX Racing Parts
Is it okay to wash air filter with water?,Can filters be washed and reused?,"Cleaning the Air Filter with Water:    If your car's air filter is very dirty and you have a bit more time on your hands, you can clean it with water. 1 Mar 2019",https://www.holtsauto.com/simoniz/news/how-to-clean-your-cars-air-filter/,How to Clean Your Car's Air Filter | Simoniz - Holt Lloyd
Can I clean my house air filter with soap and water?,Can filters be washed and reused?,"What can you clean air filters with? Warm water is always best for air filters, but you can use dish soap on filters that are particularly dirty. Just be sure to rinse off all of the soap residue since it can restrict airflow. 26 Jul 2022",https://www.safewise.com/how-to-clean-air-purifier-filters/,How to Clean Air Purifier Filters | SafeWise
Can I clean AC with vinegar?,Can you put baking soda on AC filter?,"You can prevent a clogged AC drain by performing routine cleaning. By pouring a ¼ cup of vinegar into your AC's drain line, you will kill any mold, algae, mildew, and other forms of bacteria or fungi, preventing it from forming a buildup and causing a clog. Repeat this monthly for the best results.",https://aplusairconditioning.com/clean-ac-condensate-drain-line-vinegar/,How to Clean Your AC Condensate Drain Line With Vinegar in 6 Steps
Can I spray vinegar in AC?,Can you put baking soda on AC filter?,"Yes, vinegar mixed with water is often used to clean AC coils at home. However, vinegar is usually effective only against lighter dirt build-ups. Nevertheless, you can keep your coils in good shape by mixing white vinegar and water in a spray bottle and spraying the mixture onto the coils. 7 May 2021",https://actionac.net/2021/05/07/what-happens-ac-coils-dirty-how-clean-vinegar/,Cleaning AC Coils: Tips & Tricks | Action Air
Does a dirty filter affect AC?,Can you put baking soda on AC filter?,"A clogged filter forces the air conditioner to work harder to keep the house cool. This will lead to more frequent AC repairs and, ultimately, shorten the lifespan of the unit. Lessen the load by simply changing the AC filter regularly. 25 Jun 2019",https://www.sunkoolac.com/articles/signs-need-change-ac-filter,5 Signs That You Need to Change Your AC Filter
How often should aircon be cleaned?,What should I use to clean an air conditioner?,"As a general rule, you should clean your air conditioner filters within the indoor unit every two weeks. In more dusty or polluted environments you should clean your filters more regularly.",https://www.daikin.com.au/faq/how-often-should-i-clean-filters-my-air-conditioner,How often should I clean the filters in my air conditioner? - Daikin
Do I need to clean the inside of my AC?,What should I use to clean an air conditioner?,"The most important maintenance task that will ensure the efficiency of your air conditioner is to routinely replace or clean its filters. Clogged, dirty filters reduce the amount of airflow and significantly reduce a system's efficiency.",https://www.energy.gov/energysaver/maintaining-your-air-conditioner,Maintaining Your Air Conditioner | Department of Energy
Can you wash the inside of an air conditioner?,What should I use to clean an air conditioner?,"Here's how to do it. First, make sure your air conditioner is unplugged, then take off the front panel and remove the filter. If it's covered in dust or hair, use a vacuum to clear away as much debris as you can. From there, wash your filter with warm, soapy water and set it out to dry. 1 Aug 2022",https://www.cnet.com/home/energy-and-utilities/how-to-clean-your-window-ac-unit/,How to Clean Your Window AC Unit - CNET
Can a dirty AC filter cause headaches?,Can a dusty AC filter make you sick?,"Poor Indoor Air Quality    A dirty air filter can spread pollutants that can cause rashes, headaches, eye irritation, sinus troubles, asthma or allergy symptoms, and other health problems. Changing your air filter regularly will make you and your family more comfortable. 18 Nov 2018",https://stephenkdenny.com/blogs/3-ways-a-dirty-air-filter-affects-my-homes-hvac-system,3 Ways a Dirty Air Filter Affects My Home's HVAC System
Can a dirty AC filter cause mold?,Can a dusty AC filter make you sick?,"In fact, a clogged air filter can actually harbor mold growth, especially if the filter is exposed to moisture due to a leak or excessive humidity. To prevent mold from circulating throughout your air conditioner, you should replace your air filter on a regular basis. 2 Apr 2018",https://smedleyservice.com/5-ways-to-tackle-mold-growth-in-your-air-conditioner/,5 Ways to Tackle Mold Growth in Your Air Conditioner | Smedley Service
Can a dirty AC filter cause cough?,Can a dusty AC filter make you sick?,"If you or a family member have been sneezing, coughing, and just generally not feeling well, you may actually be sick, or you may be experiencing symptoms caused by a dirty air filter. Many homeowners don't realize that a clogged air filter could be causing them to experience cold- and flu-like symptoms. 28 Jan 2020",https://www.yourhomesolutions.com/blogs/home-solutions-blog/sneezing-coughing-it-could-be-your-air-filter-causing-your-symptoms,Sneezing? Coughing? It Could be Your Air Filter Causing Your ...